produk_id,account_id,variant_id,platform,slot,scheduled_time,status,timestamp
p001,yt_1,1,youtube,pagi,06:54,queued,2026-02-25T11:47:29.575416
p001,yt_2,2,youtube,pagi,06:54,queued,2026-02-25T11:47:29.575423
p001,yt_3,3,youtube,pagi,06:54,queued,2026-02-25T11:47:29.575425
p001,yt_4,4,youtube,pagi,06:54,queued,2026-02-25T11:47:29.575439
p001,yt_5,5,youtube,pagi,06:54,queued,2026-02-25T11:47:29.575441
p001,tt_1,1,tiktok,pagi,06:54,queued,2026-02-25T11:47:29.575442
p001,fb_1,1,facebook,pagi,06:54,queued,2026-02-25T11:47:29.575444
p10001,yt_1,1,youtube,pagi,08:19,queued,2026-02-25T14:29:50.020004
p10001,yt_2,2,youtube,pagi,08:19,queued,2026-02-25T14:29:50.020010
p10001,yt_3,3,youtube,pagi,08:19,queued,2026-02-25T14:29:50.020015
p10001,yt_4,4,youtube,pagi,08:19,queued,2026-02-25T14:29:50.020017
p10001,yt_5,5,youtube,pagi,08:19,queued,2026-02-25T14:29:50.020019
p10001,tt_1,1,tiktok,pagi,08:19,queued,2026-02-25T14:29:50.020020
p10001,fb_1,1,facebook,pagi,08:19,queued,2026-02-25T14:29:50.020022
p10001,yt_1,1,youtube,pagi,06:41,queued,2026-02-25T14:45:12.936350
p10001,yt_2,2,youtube,pagi,06:41,queued,2026-02-25T14:45:12.936356
p10001,yt_3,3,youtube,pagi,06:41,queued,2026-02-25T14:45:12.936358
p10001,yt_4,4,youtube,pagi,06:41,queued,2026-02-25T14:45:12.936361
p10001,yt_5,5,youtube,pagi,06:41,queued,2026-02-25T14:45:12.936363
p10001,tt_1,1,tiktok,pagi,06:41,queued,2026-02-25T14:45:12.936364
p10001,fb_1,1,facebook,pagi,06:41,queued,2026-02-25T14:45:12.936366
p10001,yt_1,1,youtube,pagi,07:21,queued,2026-02-25T17:31:38.014652
p10001,yt_2,2,youtube,pagi,07:21,queued,2026-02-25T17:31:38.014658
p10001,yt_3,3,youtube,pagi,07:21,queued,2026-02-25T17:31:38.014660
p10001,yt_4,4,youtube,pagi,07:21,queued,2026-02-25T17:31:38.014665
p10001,yt_5,5,youtube,pagi,07:21,queued,2026-02-25T17:31:38.014667
p10001,tt_1,1,tiktok,pagi,07:21,queued,2026-02-25T17:31:38.014669
p10001,fb_1,1,facebook,pagi,07:21,queued,2026-02-25T17:31:38.014670
p10001,yt_1,1,youtube,pagi,06:53,queued,2026-02-25T17:46:07.818861
p10001,yt_2,2,youtube,pagi,06:53,queued,2026-02-25T17:46:07.818867
p10001,yt_3,3,youtube,pagi,06:53,queued,2026-02-25T17:46:07.818869
p10001,yt_4,4,youtube,pagi,06:53,queued,2026-02-25T17:46:07.818874
p10001,yt_5,5,youtube,pagi,06:53,queued,2026-02-25T17:46:07.818876
p10001,tt_1,1,tiktok,pagi,06:53,queued,2026-02-25T17:46:07.818877
p10001,fb_1,1,facebook,pagi,06:53,queued,2026-02-25T17:46:07.818879
p10001,yt_1,1,youtube,pagi,07:29,queued,2026-02-25T17:58:16.041946
p10001,yt_2,2,youtube,pagi,07:29,queued,2026-02-25T17:58:16.041953
p10001,yt_3,3,youtube,pagi,07:29,queued,2026-02-25T17:58:16.041958
p10001,yt_4,4,youtube,pagi,07:29,queued,2026-02-25T17:58:16.041959
p10001,yt_5,5,youtube,pagi,07:29,queued,2026-02-25T17:58:16.041961
p10001,tt_1,1,tiktok,pagi,07:29,queued,2026-02-25T17:58:16.041963
p10001,fb_1,1,facebook,pagi,07:29,queued,2026-02-25T17:58:16.041964
p10001,yt_1,1,youtube,pagi,06:18,queued,2026-02-25T18:36:58.428014
p10001,yt_2,2,youtube,pagi,06:18,queued,2026-02-25T18:36:58.428021
p10001,yt_3,3,youtube,pagi,06:18,queued,2026-02-25T18:36:58.428023
p10001,yt_4,4,youtube,pagi,06:18,queued,2026-02-25T18:36:58.428028
p10001,yt_5,5,youtube,pagi,06:18,queued,2026-02-25T18:36:58.428030
p10001,tt_1,1,tiktok,pagi,06:18,queued,2026-02-25T18:36:58.428032
p10001,fb_1,1,facebook,pagi,06:18,queued,2026-02-25T18:36:58.428033
p10001,yt_1,1,youtube,pagi,07:19,queued,2026-02-25T19:05:17.317431
p10001,yt_2,2,youtube,pagi,07:19,queued,2026-02-25T19:05:17.317437
p10001,yt_3,3,youtube,pagi,07:19,queued,2026-02-25T19:05:17.317439
p10001,yt_4,4,youtube,pagi,07:19,queued,2026-02-25T19:05:17.317448
p10001,yt_5,5,youtube,pagi,07:19,queued,2026-02-25T19:05:17.317450
p10001,tt_1,1,tiktok,pagi,07:19,queued,2026-02-25T19:05:17.317451
p10001,fb_1,1,facebook,pagi,07:19,queued,2026-02-25T19:05:17.317453
p10001,yt_1,1,youtube,pagi,08:27,queued,2026-02-25T19:33:15.958143
p10001,yt_2,2,youtube,pagi,08:27,queued,2026-02-25T19:33:15.958152
p10001,yt_3,3,youtube,pagi,08:27,queued,2026-02-25T19:33:15.958154
p10001,yt_4,4,youtube,pagi,08:27,queued,2026-02-25T19:33:15.958158
p10001,yt_5,5,youtube,pagi,08:27,queued,2026-02-25T19:33:15.958159
p10001,tt_1,1,tiktok,pagi,08:27,queued,2026-02-25T19:33:15.958161
p10001,fb_1,1,facebook,pagi,08:27,queued,2026-02-25T19:33:15.958162
p10001,yt_1,1,youtube,pagi,08:06,queued,2026-02-25T20:00:40.879689
p10001,yt_2,2,youtube,pagi,08:06,queued,2026-02-25T20:00:40.879696
p10001,yt_3,3,youtube,pagi,08:06,queued,2026-02-25T20:00:40.879698
p10001,yt_4,4,youtube,pagi,08:06,queued,2026-02-25T20:00:40.879703
p10001,yt_5,5,youtube,pagi,08:06,queued,2026-02-25T20:00:40.879704
p10001,tt_1,1,tiktok,pagi,08:06,queued,2026-02-25T20:00:40.879706
p10001,fb_1,1,facebook,pagi,08:06,queued,2026-02-25T20:00:40.879707
p10001,yt_1,1,youtube,pagi,07:29,queued,2026-02-25T20:28:36.476242
p10001,yt_2,2,youtube,pagi,07:29,queued,2026-02-25T20:28:36.476248
p10001,yt_3,3,youtube,pagi,07:29,queued,2026-02-25T20:28:36.476250
p10001,yt_4,4,youtube,pagi,07:29,queued,2026-02-25T20:28:36.476255
p10001,yt_5,5,youtube,pagi,07:29,queued,2026-02-25T20:28:36.476257
p10001,tt_1,1,tiktok,pagi,07:29,queued,2026-02-25T20:28:36.476258
p10001,fb_1,1,facebook,pagi,07:29,queued,2026-02-25T20:28:36.476260
p10001,yt_1,1,youtube,pagi,07:02,queued,2026-02-25T21:06:12.578770
p10001,yt_2,2,youtube,pagi,07:02,queued,2026-02-25T21:06:12.578777
p10001,yt_3,3,youtube,pagi,07:02,queued,2026-02-25T21:06:12.578779
p10001,yt_4,4,youtube,pagi,07:02,queued,2026-02-25T21:06:12.578785
p10001,yt_5,5,youtube,pagi,07:02,queued,2026-02-25T21:06:12.578786
p10001,tt_1,1,tiktok,pagi,07:02,queued,2026-02-25T21:06:12.578788
p10001,fb_1,1,facebook,pagi,07:02,queued,2026-02-25T21:06:12.578789
p10001,yt_1,1,youtube,pagi,07:35,queued,2026-02-25T21:41:06.996211
p10001,yt_2,2,youtube,pagi,07:35,queued,2026-02-25T21:41:06.996217
p10001,yt_3,3,youtube,pagi,07:35,queued,2026-02-25T21:41:06.996219
p10001,yt_4,4,youtube,pagi,07:35,queued,2026-02-25T21:41:06.996224
p10001,yt_5,5,youtube,pagi,07:35,queued,2026-02-25T21:41:06.996225
p10001,tt_1,1,tiktok,pagi,07:35,queued,2026-02-25T21:41:06.996227
p10001,fb_1,1,facebook,pagi,07:35,queued,2026-02-25T21:41:06.996228
p10001,yt_1,1,youtube,pagi,07:59,queued,2026-02-25T22:24:23.408563
p10001,yt_2,2,youtube,pagi,07:59,queued,2026-02-25T22:24:23.408571
p10001,yt_3,3,youtube,pagi,07:59,queued,2026-02-25T22:24:23.408573
p10001,yt_4,4,youtube,pagi,07:59,queued,2026-02-25T22:24:23.408578
p10001,yt_5,5,youtube,pagi,07:59,queued,2026-02-25T22:24:23.408580
p10001,tt_1,1,tiktok,pagi,07:59,queued,2026-02-25T22:24:23.408582
p10001,fb_1,1,facebook,pagi,07:59,queued,2026-02-25T22:24:23.408583
p10001,yt_1,1,youtube,pagi,06:53,queued,2026-02-25T22:59:49.204677
p10001,yt_2,2,youtube,pagi,06:53,queued,2026-02-25T22:59:49.204682
p10001,yt_3,3,youtube,pagi,06:53,queued,2026-02-25T22:59:49.204684
p10001,yt_4,4,youtube,pagi,06:53,queued,2026-02-25T22:59:49.204689
p10001,yt_5,5,youtube,pagi,06:53,queued,2026-02-25T22:59:49.204691
p10001,tt_1,1,tiktok,pagi,06:53,queued,2026-02-25T22:59:49.204693
p10001,fb_1,1,facebook,pagi,06:53,queued,2026-02-25T22:59:49.204694
071661477453,yt_1,fashion,1,youtube,pagi,06:11,queued,2026-03-28T23:56:19.862782
8fe8e6d9c0d6,yt_2,gadget,2,youtube,pagi,06:11,queued,2026-03-28T23:56:19.862793
7d37e6b15dc3,yt_3,beauty,3,youtube,pagi,06:11,queued,2026-03-28T23:56:19.862797
9ce9219e34fb,yt_4,home,4,youtube,pagi,06:11,queued,2026-03-28T23:56:19.862800
94a9b6992459,yt_5,wellness,5,youtube,pagi,06:11,queued,2026-03-28T23:56:19.862803
e5c451ed08e8,tt_1,beauty,1,tiktok,pagi,06:11,queued,2026-03-28T23:56:19.862806
9e11dc2fee11,fb_1,gadget,1,facebook,pagi,06:11,queued,2026-03-28T23:56:19.862810
ed053a7c23d4,yt_1,fashion,1,youtube,pagi,07:19,queued,2026-03-29T04:11:10.053374
7f1786d7d392,yt_2,gadget,2,youtube,pagi,07:19,queued,2026-03-29T04:11:10.053383
f6d88fe3df9e,yt_3,beauty,3,youtube,pagi,07:19,queued,2026-03-29T04:11:10.053385
b1c775c4ac77,yt_4,home,4,youtube,pagi,07:19,queued,2026-03-29T04:11:10.053387
f934d84bb275,yt_5,wellness,5,youtube,pagi,07:19,queued,2026-03-29T04:11:10.053389
ed1e3b38801c,tt_1,fashion,1,tiktok,pagi,07:19,queued,2026-03-29T04:11:10.053390
76d357f23b64,fb_1,home,1,facebook,pagi,07:19,queued,2026-03-29T04:11:10.053392
f2b9e52e9fb3,yt_1,fashion,1,youtube,siang,13:54,queued,2026-03-29T05:58:04.914493
49f0b50c18fb,yt_2,gadget,2,youtube,siang,13:54,queued,2026-03-29T05:58:04.914501
518d4910fbda,yt_3,beauty,3,youtube,siang,13:54,queued,2026-03-29T05:58:04.914503
948b09e05a89,yt_4,home,4,youtube,siang,13:54,queued,2026-03-29T05:58:04.914504
fda5a586cb86,yt_5,wellness,5,youtube,siang,13:54,queued,2026-03-29T05:58:04.914507
df4a94499822,tt_1,fashion,1,tiktok,siang,13:54,queued,2026-03-29T05:58:04.914508
c430e37f8db3,fb_1,home,1,facebook,siang,13:54,queued,2026-03-29T05:58:04.914510
3e474e4911c1,yt_1,fashion,1,youtube,sore,16:46,queued,2026-03-29T09:05:22.062035
089f0952bb3e,yt_2,gadget,2,youtube,sore,16:46,queued,2026-03-29T09:05:22.062045
9cd41e1aae91,yt_3,beauty,3,youtube,sore,16:46,queued,2026-03-29T09:05:22.062047
2d3a8806400e,yt_4,home,4,youtube,sore,16:46,queued,2026-03-29T09:05:22.062049
9b42f240008b,yt_5,wellness,5,youtube,sore,16:46,queued,2026-03-29T09:05:22.062050
364a74bf5920,tt_1,fashion,1,tiktok,sore,16:46,queued,2026-03-29T09:05:22.062052
412d586e7f6f,fb_1,home,1,facebook,sore,16:46,queued,2026-03-29T09:05:22.062054
b1b89313b793,yt_1,fashion,1,youtube,malam,20:53,queued,2026-03-29T11:02:23.233565
2e82fbc2a8f6,yt_2,gadget,2,youtube,malam,20:53,queued,2026-03-29T11:02:23.233572
2704bdd6f039,yt_3,beauty,3,youtube,malam,20:53,queued,2026-03-29T11:02:23.233574
a9b4fdaae4b5,yt_4,home,4,youtube,malam,20:53,queued,2026-03-29T11:02:23.233576
cf36e00dfb15,yt_5,wellness,5,youtube,malam,20:53,queued,2026-03-29T11:02:23.233578
15ee9a8075ea,tt_1,fashion,1,tiktok,malam,20:53,queued,2026-03-29T11:02:23.233579
95f369c4e2fb,fb_1,home,1,facebook,malam,20:53,queued,2026-03-29T11:02:23.233581
d6d2ae77511b,yt_1,fashion,1,youtube,malam,19:29,queued,2026-03-29T13:37:00.508868
2f280746ca7b,yt_2,gadget,2,youtube,malam,19:29,queued,2026-03-29T13:37:00.508879
692ef60a2f97,yt_3,beauty,3,youtube,malam,19:29,queued,2026-03-29T13:37:00.508881
769bc33a5f53,yt_4,home,4,youtube,malam,19:29,queued,2026-03-29T13:37:00.508883
cca37ed5e2df,yt_5,wellness,5,youtube,malam,19:29,queued,2026-03-29T13:37:00.508884
4956f55c4f64,tt_1,fashion,1,tiktok,malam,19:29,queued,2026-03-29T13:37:00.508886
0e673563f547,fb_1,home,1,facebook,malam,19:29,queued,2026-03-29T13:37:00.508887
fa910b4e4f4b,yt_1,fashion,1,youtube,pagi,08:54,queued,2026-03-29T23:57:32.049656
33e0f70b6ddd,yt_2,gadget,2,youtube,pagi,08:54,queued,2026-03-29T23:57:32.049666
7b4287f991ef,yt_3,beauty,3,youtube,pagi,08:54,queued,2026-03-29T23:57:32.049668
54256e52493f,yt_4,home,4,youtube,pagi,08:54,queued,2026-03-29T23:57:32.049670
9bf6c80da731,yt_5,wellness,5,youtube,pagi,08:54,queued,2026-03-29T23:57:32.049671
d4e08fbd49e1,tt_1,fashion,1,tiktok,pagi,08:54,queued,2026-03-29T23:57:32.049673
b26557ba9a8e,fb_1,home,1,facebook,pagi,08:54,queued,2026-03-29T23:57:32.049675
7cde6e939196,yt_1,fashion,1,youtube,sore,14:30,queued,2026-03-30T09:55:56.680919
ef0380a3898e,yt_2,gadget,2,youtube,sore,14:30,queued,2026-03-30T09:55:56.680926
1d2f647cfbe5,yt_3,beauty,3,youtube,sore,14:30,queued,2026-03-30T09:55:56.680928
16d922604f04,yt_4,home,4,youtube,sore,14:30,queued,2026-03-30T09:55:56.680930
2f290e911126,yt_5,wellness,5,youtube,sore,14:30,queued,2026-03-30T09:55:56.680931
91880665be8e,tt_1,beauty,1,tiktok,sore,14:30,queued,2026-03-30T09:55:56.680933
523d51c3d863,fb_1,gadget,1,facebook,sore,14:30,queued,2026-03-30T09:55:56.680934
a9ccd688cbd9,yt_1,fashion,1,youtube,malam,19:14,queued,2026-03-30T12:51:34.241040
834f6fd4046a,yt_2,gadget,2,youtube,malam,19:14,queued,2026-03-30T12:51:34.241049
480d417f3da2,yt_3,beauty,3,youtube,malam,19:14,queued,2026-03-30T12:51:34.241051
ca66a5828124,yt_4,home,4,youtube,malam,19:14,queued,2026-03-30T12:51:34.241053
1da0bbf8d2c7,yt_5,wellness,5,youtube,malam,19:14,queued,2026-03-30T12:51:34.241054
c2897fdbaa45,tt_1,beauty,1,tiktok,malam,19:14,queued,2026-03-30T12:51:34.241056
1bcec31f6387,fb_1,gadget,1,facebook,malam,19:14,queued,2026-03-30T12:51:34.241057
aa1aad4d7ebd,yt_1,fashion,1,youtube,malam,20:43,queued,2026-03-30T14:09:18.682907
c5bef2fb5f61,yt_2,gadget,2,youtube,malam,20:43,queued,2026-03-30T14:09:18.682916
d2e1e221d685,yt_3,beauty,3,youtube,malam,20:43,queued,2026-03-30T14:09:18.682918
cd2405e93681,yt_4,home,4,youtube,malam,20:43,queued,2026-03-30T14:09:18.682919
2053b4d43811,yt_5,wellness,5,youtube,malam,20:43,queued,2026-03-30T14:09:18.682921
c33f036d5b7a,tt_1,beauty,1,tiktok,malam,20:43,queued,2026-03-30T14:09:18.682923
81c06636d349,fb_1,gadget,1,facebook,malam,20:43,queued,2026-03-30T14:09:18.682924
ba0ed606f0eb,yt_1,fashion,1,youtube,malam,19:03,queued,2026-03-30T17:22:46.072772
c48543e255c3,yt_2,gadget,2,youtube,malam,19:03,queued,2026-03-30T17:22:46.072783
260636977710,yt_3,beauty,3,youtube,malam,19:03,queued,2026-03-30T17:22:46.072785
9304601399e5,yt_4,home,4,youtube,malam,19:03,queued,2026-03-30T17:22:46.072787
3c5523bea212,yt_5,wellness,5,youtube,malam,19:03,queued,2026-03-30T17:22:46.072789
bc0fb57d792f,tt_1,beauty,1,tiktok,malam,19:03,queued,2026-03-30T17:22:46.072791
d06fdda7fe4e,fb_1,gadget,1,facebook,malam,19:03,queued,2026-03-30T17:22:46.072792
1da5a85259fd,yt_1,fashion,1,youtube,pagi,06:58,queued,2026-03-31T00:01:03.678685
512b35b49fb9,yt_2,gadget,2,youtube,pagi,06:58,queued,2026-03-31T00:01:03.678695
38c11df7f788,yt_3,beauty,3,youtube,pagi,06:58,queued,2026-03-31T00:01:03.678697
be1d39d341e6,yt_4,home,4,youtube,pagi,06:58,queued,2026-03-31T00:01:03.678698
8da739a45b2a,yt_5,wellness,5,youtube,pagi,06:58,queued,2026-03-31T00:01:03.678700
29eddb2fa928,tt_1,fashion,1,tiktok,pagi,06:58,queued,2026-03-31T00:01:03.678702
16663de6ac29,fb_1,home,1,facebook,pagi,06:58,queued,2026-03-31T00:01:03.678703
342ed4be77ca,yt_1,fashion,1,youtube,siang,12:01,queued,2026-03-31T06:39:33.465686
0e9d87c946d7,yt_2,gadget,2,youtube,siang,12:01,queued,2026-03-31T06:39:33.465697
af767b62d275,yt_3,beauty,3,youtube,siang,12:01,queued,2026-03-31T06:39:33.465699
f848eb570b62,yt_4,home,4,youtube,siang,12:01,queued,2026-03-31T06:39:33.465701
69cf1dd97bf7,yt_5,wellness,5,youtube,siang,12:01,queued,2026-03-31T06:39:33.465703
c7126f8db253,tt_1,fashion,1,tiktok,siang,12:01,queued,2026-03-31T06:39:33.465704
3b07a4589bd4,fb_1,home,1,facebook,siang,12:01,queued,2026-03-31T06:39:33.465706
c17c1c607352,yt_1,fashion,1,youtube,pagi,06:33,queued,2026-04-01T00:25:08.235564
f0db1615fedb,yt_2,gadget,2,youtube,pagi,06:33,queued,2026-04-01T00:25:08.235573
b0af2d7cae89,yt_3,beauty,3,youtube,pagi,06:33,queued,2026-04-01T00:25:08.235575
bfb1978a9a81,yt_4,home,4,youtube,pagi,06:33,queued,2026-04-01T00:25:08.235577
126cd90dba87,yt_5,wellness,5,youtube,pagi,06:33,queued,2026-04-01T00:25:08.235578
3557c715174c,tt_1,fashion,1,tiktok,pagi,06:33,queued,2026-04-01T00:25:08.235580
23d79f53e8c8,fb_1,home,1,facebook,pagi,06:33,queued,2026-04-01T00:25:08.235582
c105e8fcd572,yt_1,fashion,1,youtube,siang,12:54,queued,2026-04-01T05:26:22.371964
9ebf047756a6,yt_2,gadget,2,youtube,siang,12:54,queued,2026-04-01T05:26:22.371974
a9f6caa83779,yt_3,beauty,3,youtube,siang,12:54,queued,2026-04-01T05:26:22.371976
2902ac8e99fc,yt_4,home,4,youtube,siang,12:54,queued,2026-04-01T05:26:22.371978
14dca31bc74b,yt_5,wellness,5,youtube,siang,12:54,queued,2026-04-01T05:26:22.371980
d41e28b8f237,tt_1,fashion,1,tiktok,siang,12:54,queued,2026-04-01T05:26:22.371982
d5d6616a041e,fb_1,home,1,facebook,siang,12:54,queued,2026-04-01T05:26:22.371983
a6002d091b32,yt_1,fashion,1,youtube,siang,12:48,queued,2026-04-01T06:11:39.675257
4a7b14fdc65e,yt_2,gadget,2,youtube,siang,12:48,queued,2026-04-01T06:11:39.675266
fa0c47a97731,yt_3,beauty,3,youtube,siang,12:48,queued,2026-04-01T06:11:39.675269
32f12aaa98f1,yt_4,home,4,youtube,siang,12:48,queued,2026-04-01T06:11:39.675270
21fa750fa0a7,yt_5,wellness,5,youtube,siang,12:48,queued,2026-04-01T06:11:39.675272
2dade883bfe9,tt_1,fashion,1,tiktok,siang,12:48,queued,2026-04-01T06:11:39.675274
a5f7f6d0c379,fb_1,home,1,facebook,siang,12:48,queued,2026-04-01T06:11:39.675275
7676346f5e78,yt_1,fashion,1,youtube,sore,14:47,queued,2026-04-01T10:12:49.066027
6866b9ac6edc,yt_2,gadget,2,youtube,sore,14:47,queued,2026-04-01T10:12:49.066038
4cf0bedec456,yt_3,beauty,3,youtube,sore,14:47,queued,2026-04-01T10:12:49.066040
ddaa467fec30,yt_4,home,4,youtube,sore,14:47,queued,2026-04-01T10:12:49.066041
9a92c838d494,yt_5,wellness,5,youtube,sore,14:47,queued,2026-04-01T10:12:49.066043
1227656109a8,tt_1,fashion,1,tiktok,sore,14:47,queued,2026-04-01T10:12:49.066045
84c6e7e6e512,fb_1,home,1,facebook,sore,14:47,queued,2026-04-01T10:12:49.066046
26c401e64c57,yt_1,fashion,1,youtube,sore,15:42,queued,2026-04-01T10:51:42.989958
754a0ee32f2c,yt_2,gadget,2,youtube,sore,15:42,queued,2026-04-01T10:51:42.989969
53e3db9ccc4d,yt_3,beauty,3,youtube,sore,15:42,queued,2026-04-01T10:51:42.989971
bc87979f2e16,yt_4,home,4,youtube,sore,15:42,queued,2026-04-01T10:51:42.989973
9dd472a1dbae,yt_5,wellness,5,youtube,sore,15:42,queued,2026-04-01T10:51:42.989974
1fee8e959dc4,tt_1,fashion,1,tiktok,sore,15:42,queued,2026-04-01T10:51:42.989976
ee4c427bce3a,fb_1,home,1,facebook,sore,15:42,queued,2026-04-01T10:51:42.989977
4426190cab75,yt_1,fashion,1,youtube,malam,20:08,queued,2026-04-01T14:14:09.457452
f2b6d1d5557d,yt_2,gadget,2,youtube,malam,20:08,queued,2026-04-01T14:14:09.457460
841e8fdbbe35,yt_3,beauty,3,youtube,malam,20:08,queued,2026-04-01T14:14:09.457462
b759ac28ba4b,yt_4,home,4,youtube,malam,20:08,queued,2026-04-01T14:14:09.457464
6fa664ba5ab6,yt_5,wellness,5,youtube,malam,20:08,queued,2026-04-01T14:14:09.457466
35125adaab7f,tt_1,fashion,1,tiktok,malam,20:08,queued,2026-04-01T14:14:09.457467
3c3a4a698104,fb_1,home,1,facebook,malam,20:08,queued,2026-04-01T14:14:09.457469
a218ffcd75ac,yt_1,fashion,1,youtube,malam,20:38,queued,2026-04-01T16:32:26.592072
e1fc9bd402ba,yt_2,gadget,2,youtube,malam,20:38,queued,2026-04-01T16:32:26.592084
958a4176ecee,yt_3,beauty,3,youtube,malam,20:38,queued,2026-04-01T16:32:26.592086
cb74047a8c94,yt_4,home,4,youtube,malam,20:38,queued,2026-04-01T16:32:26.592088
70de6884675d,yt_5,wellness,5,youtube,malam,20:38,queued,2026-04-01T16:32:26.592090
352fed92a016,tt_1,fashion,1,tiktok,malam,20:38,queued,2026-04-01T16:32:26.592091
dfb06919f527,fb_1,home,1,facebook,malam,20:38,queued,2026-04-01T16:32:26.592093
5bb8b8c6d116,yt_1,fashion,1,youtube,pagi,08:47,queued,2026-04-01T23:58:19.529868
faabe3065696,yt_2,gadget,2,youtube,pagi,08:47,queued,2026-04-01T23:58:19.529879
fe6c0c5aafb9,yt_3,beauty,3,youtube,pagi,08:47,queued,2026-04-01T23:58:19.529881
69998216487f,yt_4,home,4,youtube,pagi,08:47,queued,2026-04-01T23:58:19.529882
5b9918f4c571,yt_5,wellness,5,youtube,pagi,08:47,queued,2026-04-01T23:58:19.529884
b311b856e6fa,tt_1,fashion,1,tiktok,pagi,08:47,queued,2026-04-01T23:58:19.529886
106be7216a8c,fb_1,home,1,facebook,pagi,08:47,queued,2026-04-01T23:58:19.529887
24c1a7bb0676,yt_1,fashion,1,youtube,siang,11:20,queued,2026-04-02T05:57:18.121556
6342e17bde66,yt_2,gadget,2,youtube,siang,11:20,queued,2026-04-02T05:57:18.121593
ddd32e8b4362,yt_3,beauty,3,youtube,siang,11:20,queued,2026-04-02T05:57:18.121596
f3f1dd10f402,yt_4,home,4,youtube,siang,11:20,queued,2026-04-02T05:57:18.121598
555488d34d9b,yt_5,wellness,5,youtube,siang,11:20,queued,2026-04-02T05:57:18.121600
91ab523c1038,tt_1,beauty,1,tiktok,siang,11:20,queued,2026-04-02T05:57:18.121602
8f6006ce1d20,fb_1,gadget,1,facebook,siang,11:20,queued,2026-04-02T05:57:18.121603
d6558ab30066,yt_1,fashion,1,youtube,sore,14:44,queued,2026-04-02T09:35:57.544738
b0afb4af3686,yt_2,gadget,2,youtube,sore,14:44,queued,2026-04-02T09:35:57.544755
5ecec631c28a,yt_3,beauty,3,youtube,sore,14:44,queued,2026-04-02T09:35:57.544758
0a18dc01f811,yt_4,home,4,youtube,sore,14:44,queued,2026-04-02T09:35:57.544761
f3193252019b,yt_5,wellness,5,youtube,sore,14:44,queued,2026-04-02T09:35:57.544763
a682e4dc19ba,tt_1,beauty,1,tiktok,sore,14:44,queued,2026-04-02T09:35:57.544766
c3cd29220fd7,fb_1,gadget,1,facebook,sore,14:44,queued,2026-04-02T09:35:57.544769
242d052f28c8,yt_1,fashion,1,youtube,malam,19:53,queued,2026-04-02T11:25:58.203308
b373210072a3,yt_2,gadget,2,youtube,malam,19:53,queued,2026-04-02T11:25:58.203315
1cf4e11cbb4f,yt_3,beauty,3,youtube,malam,19:53,queued,2026-04-02T11:25:58.203317
03925205db19,yt_4,home,4,youtube,malam,19:53,queued,2026-04-02T11:25:58.203318
c613d8abba94,yt_5,wellness,5,youtube,malam,19:53,queued,2026-04-02T11:25:58.203320
99ec9db62436,tt_1,beauty,1,tiktok,malam,19:53,queued,2026-04-02T11:25:58.203321
d28bea6e9e72,fb_1,gadget,1,facebook,malam,19:53,queued,2026-04-02T11:25:58.203323
efec617db3b7,yt_1,fashion,1,youtube,malam,19:18,queued,2026-04-02T11:58:33.357981
4822f140a960,yt_2,gadget,2,youtube,malam,19:18,queued,2026-04-02T11:58:33.357988
40d1d4295324,yt_3,beauty,3,youtube,malam,19:18,queued,2026-04-02T11:58:33.357991
86892a15c87f,yt_4,home,4,youtube,malam,19:18,queued,2026-04-02T11:58:33.357992
6a059586ee38,yt_5,wellness,5,youtube,malam,19:18,queued,2026-04-02T11:58:33.357994
0913faf5880e,tt_1,beauty,1,tiktok,malam,19:18,queued,2026-04-02T11:58:33.357996
2a98c36afc96,fb_1,gadget,1,facebook,malam,19:18,queued,2026-04-02T11:58:33.357997
ee33c9323115,yt_1,fashion,1,youtube,malam,19:00,queued,2026-04-02T14:00:44.832779
cc8fe7e6fe60,yt_2,gadget,2,youtube,malam,19:00,queued,2026-04-02T14:00:44.832795
ccd99ff851d3,yt_3,beauty,3,youtube,malam,19:00,queued,2026-04-02T14:00:44.832799
aec3ca9f8ea5,yt_4,home,4,youtube,malam,19:00,queued,2026-04-02T14:00:44.832802
15ada4d6c1ee,yt_5,wellness,5,youtube,malam,19:00,queued,2026-04-02T14:00:44.832806
b6fb97bb5648,tt_1,beauty,1,tiktok,malam,19:00,queued,2026-04-02T14:00:44.832809
d70aa0f6e69e,fb_1,gadget,1,facebook,malam,19:00,queued,2026-04-02T14:00:44.832814
e566d166cd11,yt_1,fashion,1,youtube,malam,20:55,queued,2026-04-02T16:54:49.465530
1a0db18463ab,yt_2,gadget,2,youtube,malam,20:55,queued,2026-04-02T16:54:49.465540
957681b5e6b2,yt_3,beauty,3,youtube,malam,20:55,queued,2026-04-02T16:54:49.465542
69246e6c2712,yt_4,home,4,youtube,malam,20:55,queued,2026-04-02T16:54:49.465544
fdf556d72941,yt_5,wellness,5,youtube,malam,20:55,queued,2026-04-02T16:54:49.465545
ed251d8a3be0,tt_1,beauty,1,tiktok,malam,20:55,queued,2026-04-02T16:54:49.465547
0a0f26aa2713,fb_1,gadget,1,facebook,malam,20:55,queued,2026-04-02T16:54:49.465549
a99df8cd9f6d,yt_1,fashion,1,youtube,pagi,06:08,queued,2026-04-02T23:59:34.972030
ca4e6e810ed9,yt_2,gadget,2,youtube,pagi,06:08,queued,2026-04-02T23:59:34.972040
4a0e45bc5a74,yt_3,beauty,3,youtube,pagi,06:08,queued,2026-04-02T23:59:34.972042
9759fc9a4d48,yt_4,home,4,youtube,pagi,06:08,queued,2026-04-02T23:59:34.972044
e1d70bf4f0be,yt_5,wellness,5,youtube,pagi,06:08,queued,2026-04-02T23:59:34.972046
967833caec94,tt_1,beauty,1,tiktok,pagi,06:08,queued,2026-04-02T23:59:34.972048
ff60befbe141,fb_1,gadget,1,facebook,pagi,06:08,queued,2026-04-02T23:59:34.972049
2b50042aee57,yt_1,fashion,1,youtube,siang,13:44,queued,2026-04-03T05:57:07.755065
bdd9a8941d29,yt_2,gadget,2,youtube,siang,13:44,queued,2026-04-03T05:57:07.755076
a1e044dcfda7,yt_3,beauty,3,youtube,siang,13:44,queued,2026-04-03T05:57:07.755078
ee59972a57a8,yt_4,home,4,youtube,siang,13:44,queued,2026-04-03T05:57:07.755080
f08e9ddc2161,yt_5,wellness,5,youtube,siang,13:44,queued,2026-04-03T05:57:07.755081
54a1f58243e4,tt_1,fashion,1,tiktok,siang,13:44,queued,2026-04-03T05:57:07.755083
b8656c64a63f,fb_1,home,1,facebook,siang,13:44,queued,2026-04-03T05:57:07.755085
58ace0fa4c22,yt_1,fashion,1,youtube,sore,14:33,queued,2026-04-03T09:16:05.257044
92be5c24a611,yt_2,gadget,2,youtube,sore,14:33,queued,2026-04-03T09:16:05.257054
883a34f993a6,yt_3,beauty,3,youtube,sore,14:33,queued,2026-04-03T09:16:05.257056
012899d00120,yt_4,home,4,youtube,sore,14:33,queued,2026-04-03T09:16:05.257058
ffb01a9ac749,yt_5,wellness,5,youtube,sore,14:33,queued,2026-04-03T09:16:05.257060
18257e3dfcd8,tt_1,fashion,1,tiktok,sore,14:33,queued,2026-04-03T09:16:05.257061
5325befdd33c,fb_1,home,1,facebook,sore,14:33,queued,2026-04-03T09:16:05.257063
e581aed0dea5,yt_1,fashion,1,youtube,malam,21:23,queued,2026-04-03T13:45:44.995925
98cd54ff4075,yt_2,gadget,2,youtube,malam,21:23,queued,2026-04-03T13:45:44.995932
5a6ef486fa81,yt_3,beauty,3,youtube,malam,21:23,queued,2026-04-03T13:45:44.995934
b888bf676017,yt_4,home,4,youtube,malam,21:23,queued,2026-04-03T13:45:44.995935
39f477c27593,yt_5,wellness,5,youtube,malam,21:23,queued,2026-04-03T13:45:44.995937
cffd61eaa426,tt_1,fashion,1,tiktok,malam,21:23,queued,2026-04-03T13:45:44.995939
e6dda9c8e74e,fb_1,home,1,facebook,malam,21:23,queued,2026-04-03T13:45:44.995940
b40438ff5a28,yt_1,fashion,1,youtube,pagi,06:57,queued,2026-04-03T23:58:42.392839
55e0937b7318,yt_2,gadget,2,youtube,pagi,06:57,queued,2026-04-03T23:58:42.392849
0ed7c954c7ad,yt_3,beauty,3,youtube,pagi,06:57,queued,2026-04-03T23:58:42.392851
5f1bfeeb9a58,yt_4,home,4,youtube,pagi,06:57,queued,2026-04-03T23:58:42.392852
1208dad8efec,yt_5,wellness,5,youtube,pagi,06:57,queued,2026-04-03T23:58:42.392854
bb2306e2f4b7,tt_1,fashion,1,tiktok,pagi,06:57,queued,2026-04-03T23:58:42.392856
441b0861ab9a,fb_1,home,1,facebook,pagi,06:57,queued,2026-04-03T23:58:42.392857
1d1daea88244,yt_1,fashion,1,youtube,siang,13:13,queued,2026-04-04T05:40:51.649273
8f6ae292a029,yt_2,gadget,2,youtube,siang,13:13,queued,2026-04-04T05:40:51.649283
ec89c53d4992,yt_3,beauty,3,youtube,siang,13:13,queued,2026-04-04T05:40:51.649285
42ea3d729487,yt_4,home,4,youtube,siang,13:13,queued,2026-04-04T05:40:51.649287
a80c9b52e27a,yt_5,wellness,5,youtube,siang,13:13,queued,2026-04-04T05:40:51.649289
301db8ce79b1,tt_1,beauty,1,tiktok,siang,13:13,queued,2026-04-04T05:40:51.649290
4777f0d80ecd,fb_1,gadget,1,facebook,siang,13:13,queued,2026-04-04T05:40:51.649292
e5ddf1d86fe1,yt_1,fashion,1,youtube,sore,16:44,queued,2026-04-04T09:06:26.789250
4b80a6bf2fd4,yt_2,gadget,2,youtube,sore,16:44,queued,2026-04-04T09:06:26.789260
3550c268ed77,yt_3,beauty,3,youtube,sore,16:44,queued,2026-04-04T09:06:26.789262
f3998686f4ee,yt_4,home,4,youtube,sore,16:44,queued,2026-04-04T09:06:26.789263
693459ca0de9,yt_5,wellness,5,youtube,sore,16:44,queued,2026-04-04T09:06:26.789265
1b3acfa2222f,tt_1,beauty,1,tiktok,sore,16:44,queued,2026-04-04T09:06:26.789267
d29417e3ef87,fb_1,gadget,1,facebook,sore,16:44,queued,2026-04-04T09:06:26.789268
2251a7095be7,yt_1,fashion,1,youtube,malam,21:41,queued,2026-04-04T13:37:45.602061
e0b06a0c4611,yt_2,gadget,2,youtube,malam,21:41,queued,2026-04-04T13:37:45.602070
205007e54e95,yt_3,beauty,3,youtube,malam,21:41,queued,2026-04-04T13:37:45.602073
5ee4362ce844,yt_4,home,4,youtube,malam,21:41,queued,2026-04-04T13:37:45.602074
d5d5e66887fb,yt_5,wellness,5,youtube,malam,21:41,queued,2026-04-04T13:37:45.602076
36a3ce7be84a,tt_1,beauty,1,tiktok,malam,21:41,queued,2026-04-04T13:37:45.602078
5e62d3d2aa5b,fb_1,gadget,1,facebook,malam,21:41,queued,2026-04-04T13:37:45.602079
56abbadcf19c,yt_1,fashion,1,youtube,malam,20:23,queued,2026-04-04T16:59:23.279993
ee77f5147d92,yt_2,gadget,2,youtube,malam,20:23,queued,2026-04-04T16:59:23.280003
ec1972d14e12,yt_3,beauty,3,youtube,malam,20:23,queued,2026-04-04T16:59:23.280005
98d8b8817098,yt_4,home,4,youtube,malam,20:23,queued,2026-04-04T16:59:23.280007
cd869b0cce5d,yt_5,wellness,5,youtube,malam,20:23,queued,2026-04-04T16:59:23.280009
3b9af8be338b,tt_1,beauty,1,tiktok,malam,20:23,queued,2026-04-04T16:59:23.280010
d14641d3b358,fb_1,gadget,1,facebook,malam,20:23,queued,2026-04-04T16:59:23.280012
4f4f004a6c14,yt_1,fashion,1,youtube,pagi,06:34,queued,2026-04-04T23:56:38.764594
f3476b7d65a9,yt_2,gadget,2,youtube,pagi,06:34,queued,2026-04-04T23:56:38.764604
c89b5ec6de39,yt_3,beauty,3,youtube,pagi,06:34,queued,2026-04-04T23:56:38.764606
1b34dab6a1d9,yt_4,home,4,youtube,pagi,06:34,queued,2026-04-04T23:56:38.764607
f8af3f81af5a,yt_5,wellness,5,youtube,pagi,06:34,queued,2026-04-04T23:56:38.764609
d5d39a3e1232,tt_1,beauty,1,tiktok,pagi,06:34,queued,2026-04-04T23:56:38.764611
4404d4add890,fb_1,gadget,1,facebook,pagi,06:34,queued,2026-04-04T23:56:38.764612
ff9e89b40286,yt_1,fashion,1,youtube,pagi,06:43,queued,2026-04-05T02:43:38.143273
92c3b9f4bfb3,yt_2,gadget,2,youtube,pagi,06:43,queued,2026-04-05T02:43:38.143280
5e14ea2896db,yt_3,beauty,3,youtube,pagi,06:43,queued,2026-04-05T02:43:38.143282
97608c6754f0,yt_4,home,4,youtube,pagi,06:43,queued,2026-04-05T02:43:38.143284
922c545d3d3c,yt_5,wellness,5,youtube,pagi,06:43,queued,2026-04-05T02:43:38.143286
5ef717442762,tt_1,fashion,1,tiktok,pagi,06:43,queued,2026-04-05T02:43:38.143287
21480f9005d0,fb_1,home,1,facebook,pagi,06:43,queued,2026-04-05T02:43:38.143289
7ddf98ad74d0,yt_1,fashion,1,youtube,siang,12:37,queued,2026-04-05T06:00:25.074475
32cdd0590d10,yt_2,gadget,2,youtube,siang,12:37,queued,2026-04-05T06:00:25.074483
3bdae710205f,yt_3,beauty,3,youtube,siang,12:37,queued,2026-04-05T06:00:25.074485
6a50f4423025,yt_4,home,4,youtube,siang,12:37,queued,2026-04-05T06:00:25.074487
37409a6a87d5,yt_5,wellness,5,youtube,siang,12:37,queued,2026-04-05T06:00:25.074488
bce715e9ac24,tt_1,fashion,1,tiktok,siang,12:37,queued,2026-04-05T06:00:25.074490
f3079c6d81b9,fb_1,home,1,facebook,siang,12:37,queued,2026-04-05T06:00:25.074491
b800a50abafb,yt_1,fashion,1,youtube,siang,11:23,queued,2026-04-05T07:28:41.838815
198c020b900f,yt_2,gadget,2,youtube,siang,11:23,queued,2026-04-05T07:28:41.838827
6cf3115e60ac,yt_3,beauty,3,youtube,siang,11:23,queued,2026-04-05T07:28:41.838829
c1b28ec3ac06,yt_4,home,4,youtube,siang,11:23,queued,2026-04-05T07:28:41.838831
08604f58155e,yt_5,wellness,5,youtube,siang,11:23,queued,2026-04-05T07:28:41.838832
2e6de63850d9,tt_1,fashion,1,tiktok,siang,11:23,queued,2026-04-05T07:28:41.838834
8674c4ea3c1d,fb_1,home,1,facebook,siang,11:23,queued,2026-04-05T07:28:41.838836
e2964b780e80,yt_1,fashion,1,youtube,sore,16:27,queued,2026-04-05T09:07:00.488462
0982333a6bf0,yt_2,gadget,2,youtube,sore,16:27,queued,2026-04-05T09:07:00.488473
bc426cfb27ef,yt_3,beauty,3,youtube,sore,16:27,queued,2026-04-05T09:07:00.488497
64a2f8ba9630,yt_4,home,4,youtube,sore,16:27,queued,2026-04-05T09:07:00.488499
46108a69e1f0,yt_5,wellness,5,youtube,sore,16:27,queued,2026-04-05T09:07:00.488501
a7b5bbf70922,tt_1,fashion,1,tiktok,sore,16:27,queued,2026-04-05T09:07:00.488503
ab3d905e0228,fb_1,home,1,facebook,sore,16:27,queued,2026-04-05T09:07:00.488504
2480aa9ae92d,yt_1,fashion,1,youtube,malam,20:34,queued,2026-04-05T13:38:21.322892
84088761f67d,yt_2,gadget,2,youtube,malam,20:34,queued,2026-04-05T13:38:21.322902
b477fe1d0211,yt_3,beauty,3,youtube,malam,20:34,queued,2026-04-05T13:38:21.322904
6152e3b9ba9f,yt_4,home,4,youtube,malam,20:34,queued,2026-04-05T13:38:21.322906
5391fdc03b80,yt_5,wellness,5,youtube,malam,20:34,queued,2026-04-05T13:38:21.322908
cb3e9973318a,tt_1,fashion,1,tiktok,malam,20:34,queued,2026-04-05T13:38:21.322909
9a5b5daea167,fb_1,home,1,facebook,malam,20:34,queued,2026-04-05T13:38:21.322911
0cd6387c60d8,yt_1,fashion,1,youtube,malam,21:31,queued,2026-04-05T17:09:34.242752
8436701111a1,yt_2,gadget,2,youtube,malam,21:31,queued,2026-04-05T17:09:34.242762
167eb6a89223,yt_3,beauty,3,youtube,malam,21:31,queued,2026-04-05T17:09:34.242764
2501afd02184,yt_4,home,4,youtube,malam,21:31,queued,2026-04-05T17:09:34.242766
f7c63c2451ea,yt_5,wellness,5,youtube,malam,21:31,queued,2026-04-05T17:09:34.242767
b8de30db11a6,tt_1,fashion,1,tiktok,malam,21:31,queued,2026-04-05T17:09:34.242769
1deec2e2d3ab,fb_1,home,1,facebook,malam,21:31,queued,2026-04-05T17:09:34.242771
4ff84f38c0c0,yt_1,fashion,1,youtube,malam,20:24,queued,2026-04-05T18:59:48.557683
49905cbd2de3,yt_2,gadget,2,youtube,malam,20:24,queued,2026-04-05T18:59:48.557717
204068bb813e,yt_3,beauty,3,youtube,malam,20:24,queued,2026-04-05T18:59:48.557719
23163562f376,yt_4,home,4,youtube,malam,20:24,queued,2026-04-05T18:59:48.557721
a15b8e862a20,yt_5,wellness,5,youtube,malam,20:24,queued,2026-04-05T18:59:48.557723
db6338c2698f,tt_1,fashion,1,tiktok,malam,20:24,queued,2026-04-05T18:59:48.557724
798a497661c6,fb_1,home,1,facebook,malam,20:24,queued,2026-04-05T18:59:48.557726
5a52c506a904,yt_1,fashion,1,youtube,pagi,06:34,queued,2026-04-05T23:59:16.879145
d053e4541d6e,yt_2,gadget,2,youtube,pagi,06:34,queued,2026-04-05T23:59:16.879155
b3ba390b0764,yt_3,beauty,3,youtube,pagi,06:34,queued,2026-04-05T23:59:16.879157
4feb1fefabae,yt_4,home,4,youtube,pagi,06:34,queued,2026-04-05T23:59:16.879159
0eb3ceb88e50,yt_5,wellness,5,youtube,pagi,06:34,queued,2026-04-05T23:59:16.879160
31685b82bf10,tt_1,fashion,1,tiktok,pagi,06:34,queued,2026-04-05T23:59:16.879162
b6d700ea2be2,fb_1,home,1,facebook,pagi,06:34,queued,2026-04-05T23:59:16.879164
1079dd4b89ca,yt_1,fashion,1,youtube,siang,11:39,queued,2026-04-06T06:17:02.569908
c88d7cef3a46,yt_2,gadget,2,youtube,siang,11:39,queued,2026-04-06T06:17:02.569918
b9528064195d,yt_3,beauty,3,youtube,siang,11:39,queued,2026-04-06T06:17:02.569920
632c5937dc07,yt_4,home,4,youtube,siang,11:39,queued,2026-04-06T06:17:02.569921
bf660a2a0084,yt_5,wellness,5,youtube,siang,11:39,queued,2026-04-06T06:17:02.569923
a93e336d5ddf,tt_1,beauty,1,tiktok,siang,11:39,queued,2026-04-06T06:17:02.569925
f318248a4b9a,fb_1,gadget,1,facebook,siang,11:39,queued,2026-04-06T06:17:02.569926
38c849a6fd53,yt_1,fashion,1,youtube,sore,16:59,queued,2026-04-06T09:48:55.177521
72e8c627a896,yt_2,gadget,2,youtube,sore,16:59,queued,2026-04-06T09:48:55.177529
0242922b7ef1,yt_3,beauty,3,youtube,sore,16:59,queued,2026-04-06T09:48:55.177531
2a90718be4b8,yt_4,home,4,youtube,sore,16:59,queued,2026-04-06T09:48:55.177532
f6d7f513cf91,yt_5,wellness,5,youtube,sore,16:59,queued,2026-04-06T09:48:55.177534
d765b457d49f,tt_1,beauty,1,tiktok,sore,16:59,queued,2026-04-06T09:48:55.177536
334ce7077ebe,fb_1,gadget,1,facebook,sore,16:59,queued,2026-04-06T09:48:55.177537
3d456dc94ea1,yt_1,fashion,1,youtube,malam,19:08,queued,2026-04-06T13:54:43.014708
3e97c276b7a1,yt_2,gadget,2,youtube,malam,19:08,queued,2026-04-06T13:54:43.014717
b879b40af97b,yt_3,beauty,3,youtube,malam,19:08,queued,2026-04-06T13:54:43.014719
4ab7b2a765c0,yt_4,home,4,youtube,malam,19:08,queued,2026-04-06T13:54:43.014721
778f63281688,yt_5,wellness,5,youtube,malam,19:08,queued,2026-04-06T13:54:43.014723
8fd0b466148c,tt_1,beauty,1,tiktok,malam,19:08,queued,2026-04-06T13:54:43.014725
bfae4b87b24e,fb_1,gadget,1,facebook,malam,19:08,queued,2026-04-06T13:54:43.014726
946eadf375f7,yt_1,fashion,1,youtube,pagi,08:41,queued,2026-04-07T00:00:19.018290
8250706bae74,yt_2,gadget,2,youtube,pagi,08:41,queued,2026-04-07T00:00:19.018300
a132afd862ae,yt_3,beauty,3,youtube,pagi,08:41,queued,2026-04-07T00:00:19.018302
3b1f3e214e09,yt_4,home,4,youtube,pagi,08:41,queued,2026-04-07T00:00:19.018304
eb743a8a7eac,yt_5,wellness,5,youtube,pagi,08:41,queued,2026-04-07T00:00:19.018305
bea6ab0910d0,tt_1,fashion,1,tiktok,pagi,08:41,queued,2026-04-07T00:00:19.018307
66621ca04af5,fb_1,home,1,facebook,pagi,08:41,queued,2026-04-07T00:00:19.018309
6e3ecdb94406,yt_1,fashion,1,youtube,pagi,07:54,queued,2026-04-07T02:19:10.982147
ff9771962516,yt_2,gadget,2,youtube,pagi,07:54,queued,2026-04-07T02:19:10.982154
ad1a71f553fe,yt_3,beauty,3,youtube,pagi,07:54,queued,2026-04-07T02:19:10.982156
846331dc9b79,yt_4,home,4,youtube,pagi,07:54,queued,2026-04-07T02:19:10.982158
6287fc6c07f9,yt_5,wellness,5,youtube,pagi,07:54,queued,2026-04-07T02:19:10.982160
3cc985653ba2,tt_1,fashion,1,tiktok,pagi,07:54,queued,2026-04-07T02:19:10.982161
f7d663f2f8dd,fb_1,home,1,facebook,pagi,07:54,queued,2026-04-07T02:19:10.982163
a95b151ef230,yt_1,fashion,1,youtube,siang,13:24,queued,2026-04-07T06:05:33.412024
49c7a807c9ed,yt_2,gadget,2,youtube,siang,13:24,queued,2026-04-07T06:05:33.412053
2a6377f5e093,yt_3,beauty,3,youtube,siang,13:24,queued,2026-04-07T06:05:33.412056
d96fb9fa6783,yt_4,home,4,youtube,siang,13:24,queued,2026-04-07T06:05:33.412058
63e7bc57c7a2,yt_5,wellness,5,youtube,siang,13:24,queued,2026-04-07T06:05:33.412060
5839ee5e8ca2,tt_1,fashion,1,tiktok,siang,13:24,queued,2026-04-07T06:05:33.412062
053149d9a4a1,fb_1,home,1,facebook,siang,13:24,queued,2026-04-07T06:05:33.412063
5db42e335a99,yt_1,fashion,1,youtube,sore,15:08,queued,2026-04-07T09:44:18.724927
cf9ad8837b3b,yt_2,gadget,2,youtube,sore,15:08,queued,2026-04-07T09:44:18.724936
3b17b8f1bbb4,yt_3,beauty,3,youtube,sore,15:08,queued,2026-04-07T09:44:18.724938
a4bf604ef311,yt_4,home,4,youtube,sore,15:08,queued,2026-04-07T09:44:18.724940
6f6818c14c8d,yt_5,wellness,5,youtube,sore,15:08,queued,2026-04-07T09:44:18.724942
f71a86aeefde,tt_1,fashion,1,tiktok,sore,15:08,queued,2026-04-07T09:44:18.724943
4f3133a5ded4,fb_1,home,1,facebook,sore,15:08,queued,2026-04-07T09:44:18.724945
5875d6546064,yt_1,fashion,1,youtube,malam,19:03,queued,2026-04-07T14:10:56.784648
6285f883e78d,yt_2,gadget,2,youtube,malam,19:03,queued,2026-04-07T14:10:56.784661
0392e38f0201,yt_3,beauty,3,youtube,malam,19:03,queued,2026-04-07T14:10:56.784664
9e2f608ac5c4,yt_4,home,4,youtube,malam,19:03,queued,2026-04-07T14:10:56.784665
8b30cbaf5ef6,yt_5,wellness,5,youtube,malam,19:03,queued,2026-04-07T14:10:56.784667
e1829ad1f6e2,tt_1,fashion,1,tiktok,malam,19:03,queued,2026-04-07T14:10:56.784669
5561005a1a32,fb_1,home,1,facebook,malam,19:03,queued,2026-04-07T14:10:56.784670
3371a1d99b5c,yt_2,gadget,2,youtube,pagi,07:22,queued,2026-04-08T00:03:45.560908
324641cf16bb,yt_3,beauty,3,youtube,pagi,07:22,queued,2026-04-08T00:03:45.560917
3d6723fe861d,yt_4,home,4,youtube,pagi,07:22,queued,2026-04-08T00:03:45.560920
a2769b1dffaf,yt_5,wellness,5,youtube,pagi,07:22,queued,2026-04-08T00:03:45.560921
54d242293d89,fb_1,gadget,1,facebook,pagi,07:22,queued,2026-04-08T00:03:45.560923
b73132c999a8,yt_2,gadget,2,youtube,pagi,08:23,queued,2026-04-08T00:37:38.103559
ce90c8615fbe,yt_4,home,4,youtube,pagi,08:23,queued,2026-04-08T00:37:38.103571
a3ebc5cac320,yt_5,wellness,5,youtube,pagi,08:23,queued,2026-04-08T00:37:38.103575
5b7fcd7309bb,fb_1,gadget,1,facebook,pagi,08:23,queued,2026-04-08T00:37:38.103578
18054976cccb,yt_2,gadget,2,youtube,pagi,07:32,queued,2026-04-08T02:40:15.666840
7fbd7a5f4f71,yt_4,home,4,youtube,pagi,07:32,queued,2026-04-08T02:40:15.666848
60a9ce536b78,yt_5,wellness,5,youtube,pagi,07:32,queued,2026-04-08T02:40:15.666850
6c777f5f76c6,fb_1,gadget,1,facebook,pagi,07:32,queued,2026-04-08T02:40:15.666852
c7b084179541,yt_1,fashion,1,youtube,siang,11:51,queued,2026-04-08T06:06:33.772029
7ce663f5ab0e,yt_2,gadget,2,youtube,siang,11:51,queued,2026-04-08T06:06:33.772043
d5dea1b17cd0,yt_3,beauty,3,youtube,siang,11:51,queued,2026-04-08T06:06:33.772045
8937a53688c1,yt_4,home,4,youtube,siang,11:51,queued,2026-04-08T06:06:33.772047
72619a81d91c,yt_5,wellness,5,youtube,siang,11:51,queued,2026-04-08T06:06:33.772049
e3e5f7821f09,tt_1,beauty,1,tiktok,siang,11:51,queued,2026-04-08T06:06:33.772051
2ce7a365d55a,fb_1,gadget,1,facebook,siang,11:51,queued,2026-04-08T06:06:33.772052
c7ece4d2fc3d,yt_1,fashion,1,youtube,sore,16:01,queued,2026-04-08T09:44:54.456819
74201490a042,yt_2,gadget,2,youtube,sore,16:01,queued,2026-04-08T09:44:54.456828
3cdf7ea07ee3,yt_3,beauty,3,youtube,sore,16:01,queued,2026-04-08T09:44:54.456830
300830dfedda,yt_4,home,4,youtube,sore,16:01,queued,2026-04-08T09:44:54.456832
3cb91846ef92,yt_5,wellness,5,youtube,sore,16:01,queued,2026-04-08T09:44:54.456833
1a264ac3f8d9,tt_1,beauty,1,tiktok,sore,16:01,queued,2026-04-08T09:44:54.456835
e1c1bf61c715,fb_1,gadget,1,facebook,sore,16:01,queued,2026-04-08T09:44:54.456836
c9c26612ef3f,yt_1,fashion,1,youtube,malam,21:44,queued,2026-04-08T14:12:10.699760
4c45f011fa66,yt_2,gadget,2,youtube,malam,21:44,queued,2026-04-08T14:12:10.699772
56e98da9f293,yt_3,beauty,3,youtube,malam,21:44,queued,2026-04-08T14:12:10.699774
67881a102f77,yt_4,home,4,youtube,malam,21:44,queued,2026-04-08T14:12:10.699776
c11b33f2bbb6,yt_5,wellness,5,youtube,malam,21:44,queued,2026-04-08T14:12:10.699778
96f7bc5c2790,tt_1,beauty,1,tiktok,malam,21:44,queued,2026-04-08T14:12:10.699780
90fe554e3ca5,fb_1,gadget,1,facebook,malam,21:44,queued,2026-04-08T14:12:10.699781
d864a59004fb,yt_1,fashion,1,youtube,pagi,07:19,queued,2026-04-09T00:00:48.427556
7b95c38c5c3b,yt_2,gadget,2,youtube,pagi,07:19,queued,2026-04-09T00:00:48.427566
08759c50c469,yt_3,beauty,3,youtube,pagi,07:19,queued,2026-04-09T00:00:48.427569
827e496f5a70,yt_4,home,4,youtube,pagi,07:19,queued,2026-04-09T00:00:48.427570
1963041785fa,yt_5,wellness,5,youtube,pagi,07:19,queued,2026-04-09T00:00:48.427572
389855bc7af0,tt_1,fashion,1,tiktok,pagi,07:19,queued,2026-04-09T00:00:48.427574
ae1fb6b52b22,fb_1,home,1,facebook,pagi,07:19,queued,2026-04-09T00:00:48.427575
6d78ce7a8aaf,yt_1,fashion,1,youtube,siang,11:20,queued,2026-04-09T06:07:56.268217
abce46824c95,yt_2,gadget,2,youtube,siang,11:20,queued,2026-04-09T06:07:56.268227
09ba6a4f3a87,yt_3,beauty,3,youtube,siang,11:20,queued,2026-04-09T06:07:56.268229
5240e4c592d9,yt_4,home,4,youtube,siang,11:20,queued,2026-04-09T06:07:56.268230
1276afcc0904,yt_5,wellness,5,youtube,siang,11:20,queued,2026-04-09T06:07:56.268232
742f5e1c9844,tt_1,fashion,1,tiktok,siang,11:20,queued,2026-04-09T06:07:56.268234
90bab0cd3a59,fb_1,home,1,facebook,siang,11:20,queued,2026-04-09T06:07:56.268236
e9c9b4ab1b08,yt_1,fashion,1,youtube,siang,12:07,queued,2026-04-09T07:57:30.298158
4352874a4abe,yt_2,gadget,2,youtube,siang,12:07,queued,2026-04-09T07:57:30.298166
5c5d0e8082ab,yt_3,beauty,3,youtube,siang,12:07,queued,2026-04-09T07:57:30.298169
a2793b34da61,yt_4,home,4,youtube,siang,12:07,queued,2026-04-09T07:57:30.298170
b664c3ca36b2,yt_5,wellness,5,youtube,siang,12:07,queued,2026-04-09T07:57:30.298172
dac572f84f58,tt_1,fashion,1,tiktok,siang,12:07,queued,2026-04-09T07:57:30.298173
b2951af71c2e,fb_1,home,1,facebook,siang,12:07,queued,2026-04-09T07:57:30.298175
85aeb7c8df7a,yt_1,fashion,1,youtube,sore,14:37,queued,2026-04-09T09:48:45.189481
a2e09c2b3e54,yt_2,gadget,2,youtube,sore,14:37,queued,2026-04-09T09:48:45.189495
c1a25a9ee327,yt_3,beauty,3,youtube,sore,14:37,queued,2026-04-09T09:48:45.189499
6a8f117a6490,yt_4,home,4,youtube,sore,14:37,queued,2026-04-09T09:48:45.189502
2e2854dd7994,yt_5,wellness,5,youtube,sore,14:37,queued,2026-04-09T09:48:45.189504
fd7babe92fd0,tt_1,fashion,1,tiktok,sore,14:37,queued,2026-04-09T09:48:45.189507
6190fedf4a71,fb_1,home,1,facebook,sore,14:37,queued,2026-04-09T09:48:45.189510
c6c7bc3eb9db,yt_1,fashion,1,youtube,malam,19:15,queued,2026-04-09T14:23:54.036235
46d9b2e55f23,yt_2,gadget,2,youtube,malam,19:15,queued,2026-04-09T14:23:54.036244
98883dfe61c6,yt_3,beauty,3,youtube,malam,19:15,queued,2026-04-09T14:23:54.036247
e4bf62c24f79,yt_4,home,4,youtube,malam,19:15,queued,2026-04-09T14:23:54.036248
a69498437c1e,yt_5,wellness,5,youtube,malam,19:15,queued,2026-04-09T14:23:54.036250
cda88bc1100d,tt_1,fashion,1,tiktok,malam,19:15,queued,2026-04-09T14:23:54.036252
f572bacb0efe,fb_1,home,1,facebook,malam,19:15,queued,2026-04-09T14:23:54.036253
24242a52ff05,yt_1,fashion,1,youtube,pagi,06:51,queued,2026-04-10T00:02:24.883891
a120aefde11f,yt_2,gadget,2,youtube,pagi,06:51,queued,2026-04-10T00:02:24.883907
142a38b65c36,yt_3,beauty,3,youtube,pagi,06:51,queued,2026-04-10T00:02:24.883910
424b1702ee25,yt_4,home,4,youtube,pagi,06:51,queued,2026-04-10T00:02:24.883912
34cd8ffd0e04,yt_5,wellness,5,youtube,pagi,06:51,queued,2026-04-10T00:02:24.883913
4b73c9746c31,tt_1,beauty,1,tiktok,pagi,06:51,queued,2026-04-10T00:02:24.883915
dbdfa08d5ae7,fb_1,gadget,1,facebook,pagi,06:51,queued,2026-04-10T00:02:24.883916
c5e80610e49c,yt_1,fashion,1,youtube,siang,13:11,queued,2026-04-10T07:38:30.796603
252a2a41dde7,yt_2,gadget,2,youtube,siang,13:11,queued,2026-04-10T07:38:30.796614
a208e3dd9aa2,yt_3,beauty,3,youtube,siang,13:11,queued,2026-04-10T07:38:30.796616
d2b6d0cfa82d,yt_4,home,4,youtube,siang,13:11,queued,2026-04-10T07:38:30.796618
e6e20ab2fb96,yt_5,wellness,5,youtube,siang,13:11,queued,2026-04-10T07:38:30.796619
93f7ab38b74f,tt_1,beauty,1,tiktok,siang,13:11,queued,2026-04-10T07:38:30.796621
a13a13084702,fb_1,gadget,1,facebook,siang,13:11,queued,2026-04-10T07:38:30.796623
36e600e346a9,yt_1,fashion,1,youtube,sore,14:28,queued,2026-04-10T09:47:12.139658
6d8568173d0b,yt_2,gadget,2,youtube,sore,14:28,queued,2026-04-10T09:47:12.139668
2fef8f82ee46,yt_3,beauty,3,youtube,sore,14:28,queued,2026-04-10T09:47:12.139671
45a5e81ca545,yt_4,home,4,youtube,sore,14:28,queued,2026-04-10T09:47:12.139672
78ed754e3961,yt_5,wellness,5,youtube,sore,14:28,queued,2026-04-10T09:47:12.139674
999c22e89c74,tt_1,beauty,1,tiktok,sore,14:28,queued,2026-04-10T09:47:12.139677
e12a35da4310,fb_1,gadget,1,facebook,sore,14:28,queued,2026-04-10T09:47:12.139680
c0df0d3d160b,yt_1,fashion,1,youtube,malam,21:10,queued,2026-04-10T13:13:00.043561
20dbda84adad,yt_2,gadget,2,youtube,malam,21:10,queued,2026-04-10T13:13:00.043575
c41031f10194,yt_3,beauty,3,youtube,malam,21:10,queued,2026-04-10T13:13:00.043577
a190e1daf728,yt_4,home,4,youtube,malam,21:10,queued,2026-04-10T13:13:00.043579
87869c7921e3,yt_5,wellness,5,youtube,malam,21:10,queued,2026-04-10T13:13:00.043581
8413581f344b,tt_1,beauty,1,tiktok,malam,21:10,queued,2026-04-10T13:13:00.043583
11a403d640e2,fb_1,gadget,1,facebook,malam,21:10,queued,2026-04-10T13:13:00.043585
2e8501994250,yt_1,fashion,1,youtube,malam,19:16,queued,2026-04-10T13:58:08.075649
5a332a715b63,yt_2,gadget,2,youtube,malam,19:16,queued,2026-04-10T13:58:08.075659
80a9116ce9a4,yt_3,beauty,3,youtube,malam,19:16,queued,2026-04-10T13:58:08.075661
ce296707d07c,yt_4,home,4,youtube,malam,19:16,queued,2026-04-10T13:58:08.075663
5a358363837e,yt_5,wellness,5,youtube,malam,19:16,queued,2026-04-10T13:58:08.075664
647cc57afdfe,tt_1,beauty,1,tiktok,malam,19:16,queued,2026-04-10T13:58:08.075666
01bc64005d13,fb_1,gadget,1,facebook,malam,19:16,queued,2026-04-10T13:58:08.075668
229a7e34f5bc,yt_1,fashion,1,youtube,pagi,08:17,queued,2026-04-10T16:49:32.467810
0a9f2ef05c1a,yt_2,gadget,2,youtube,pagi,08:17,queued,2026-04-10T16:49:32.467822
508f2389b44e,yt_3,beauty,3,youtube,pagi,08:17,queued,2026-04-10T16:49:32.467825
d816b2213164,yt_4,home,4,youtube,pagi,08:17,queued,2026-04-10T16:49:32.467826
6d6cfe8a6ccb,yt_5,wellness,5,youtube,pagi,08:17,queued,2026-04-10T16:49:32.467828
5cfc8633aab2,tt_1,beauty,1,tiktok,pagi,08:17,queued,2026-04-10T16:49:32.467830
820cc692cffa,fb_1,gadget,1,facebook,pagi,08:17,queued,2026-04-10T16:49:32.467831
9b6a3a766f85,yt_1,fashion,1,youtube,pagi,08:37,queued,2026-04-10T23:44:04.933655
9e26863f1dd9,yt_2,gadget,2,youtube,pagi,08:37,queued,2026-04-10T23:44:04.933662
a2d4636636c5,yt_3,beauty,3,youtube,pagi,08:37,queued,2026-04-10T23:44:04.933664
1ce936df0c1b,yt_4,home,4,youtube,pagi,08:37,queued,2026-04-10T23:44:04.933666
8207c373f0d7,yt_5,wellness,5,youtube,pagi,08:37,queued,2026-04-10T23:44:04.933668
cdb3328366ee,tt_1,beauty,1,tiktok,pagi,08:37,queued,2026-04-10T23:44:04.933670
216b7d0b3e43,fb_1,gadget,1,facebook,pagi,08:37,queued,2026-04-10T23:44:04.933671
2aca30698214,yt_1,fashion,1,youtube,sore,14:02,queued,2026-04-11T09:00:39.867468
b79e5d35ef3a,yt_2,gadget,2,youtube,sore,14:02,queued,2026-04-11T09:00:39.867483
731a030a6bf9,yt_3,beauty,3,youtube,sore,14:02,queued,2026-04-11T09:00:39.867487
7bd0d4b536c9,yt_4,home,4,youtube,sore,14:02,queued,2026-04-11T09:00:39.867489
09714a5c4dff,yt_5,wellness,5,youtube,sore,14:02,queued,2026-04-11T09:00:39.867491
5d4fe61af25f,tt_1,fashion,1,tiktok,sore,14:02,queued,2026-04-11T09:00:39.867494
b08295295b59,fb_1,home,1,facebook,sore,14:02,queued,2026-04-11T09:00:39.867496
f5065d0040a8,yt_1,fashion,1,youtube,pagi,07:07,queued,2026-04-11T11:34:12.661186
de7227ef920a,yt_2,gadget,2,youtube,pagi,07:07,queued,2026-04-11T11:34:12.661194
42106a48dece,yt_3,beauty,3,youtube,pagi,07:07,queued,2026-04-11T11:34:12.661196
01d149612e96,yt_4,home,4,youtube,pagi,07:07,queued,2026-04-11T11:34:12.661198
f68f3ec3efce,yt_5,wellness,5,youtube,pagi,07:07,queued,2026-04-11T11:34:12.661199
07a8a6f5f030,tt_1,fashion,1,tiktok,pagi,07:07,queued,2026-04-11T11:34:12.661201
120ed47ca6ed,fb_1,home,1,facebook,pagi,07:07,queued,2026-04-11T11:34:12.661203
d8b15395129b,yt_1,fashion,1,youtube,pagi,07:37,queued,2026-04-11T23:44:12.937118
10cc7ca6ebb3,yt_2,gadget,2,youtube,pagi,07:37,queued,2026-04-11T23:44:12.937132
7b44b3f10cf5,yt_3,beauty,3,youtube,pagi,07:37,queued,2026-04-11T23:44:12.937135
baccf0ae6ed9,yt_4,home,4,youtube,pagi,07:37,queued,2026-04-11T23:44:12.937145
07da7376b188,yt_5,wellness,5,youtube,pagi,07:37,queued,2026-04-11T23:44:12.937147
13f07ec95265,tt_1,fashion,1,tiktok,pagi,07:37,queued,2026-04-11T23:44:12.937149
0acca927a684,fb_1,home,1,facebook,pagi,07:37,queued,2026-04-11T23:44:12.937150
f5b2e3f185a2,yt_1,fashion,1,youtube,pagi,06:20,queued,2026-04-12T01:47:21.073002
f6bc61c416e3,yt_2,gadget,2,youtube,pagi,06:20,queued,2026-04-12T01:47:21.073036
d8a923716674,yt_3,beauty,3,youtube,pagi,06:20,queued,2026-04-12T01:47:21.073038
f69aa6aebc52,yt_4,home,4,youtube,pagi,06:20,queued,2026-04-12T01:47:21.073040
35160eca83d5,yt_5,wellness,5,youtube,pagi,06:20,queued,2026-04-12T01:47:21.073042
2ae973a3f372,tt_1,beauty,1,tiktok,pagi,06:20,queued,2026-04-12T01:47:21.073044
08f948dc91c8,fb_1,gadget,1,facebook,pagi,06:20,queued,2026-04-12T01:47:21.073045
5416e92024dd,yt_1,fashion,1,youtube,pagi,08:42,queued,2026-04-12T06:21:41.566398
ff25f14feb1f,yt_2,gadget,2,youtube,pagi,08:42,queued,2026-04-12T06:21:41.566408
1a0e54c8a697,yt_3,beauty,3,youtube,pagi,08:42,queued,2026-04-12T06:21:41.566410
fc21cbda3202,yt_4,home,4,youtube,pagi,08:42,queued,2026-04-12T06:21:41.566412
10b280f0f571,yt_5,wellness,5,youtube,pagi,08:42,queued,2026-04-12T06:21:41.566414
42168c34dfb9,tt_1,beauty,1,tiktok,pagi,08:42,queued,2026-04-12T06:21:41.566416
5e477f8e3c43,fb_1,gadget,1,facebook,pagi,08:42,queued,2026-04-12T06:21:41.566417
8eba4e6ac042,yt_1,fashion,1,youtube,pagi,07:15,queued,2026-04-12T23:43:34.745580
2a236d0c8ecc,yt_2,gadget,2,youtube,pagi,07:15,queued,2026-04-12T23:43:34.745588
47e6dcf1db7a,yt_3,beauty,3,youtube,pagi,07:15,queued,2026-04-12T23:43:34.745590
57e007485063,yt_4,home,4,youtube,pagi,07:15,queued,2026-04-12T23:43:34.745592
54f5a9ad18b6,yt_5,wellness,5,youtube,pagi,07:15,queued,2026-04-12T23:43:34.745593
f63e6e12e6d9,tt_1,beauty,1,tiktok,pagi,07:15,queued,2026-04-12T23:43:34.745595
7a2b029d6267,fb_1,gadget,1,facebook,pagi,07:15,queued,2026-04-12T23:43:34.745597
d5df508c70ea,yt_1,fashion,1,youtube,pagi,08:44,queued,2026-04-13T23:56:11.922487
0549a7edf654,yt_2,gadget,2,youtube,pagi,08:44,queued,2026-04-13T23:56:11.922497
27e09778c0cf,yt_3,beauty,3,youtube,pagi,08:44,queued,2026-04-13T23:56:11.922499
3413ed7a1f7f,yt_4,home,4,youtube,pagi,08:44,queued,2026-04-13T23:56:11.922500
367ec8e7839f,yt_5,wellness,5,youtube,pagi,08:44,queued,2026-04-13T23:56:11.922502
0b363f8f22bb,tt_1,fashion,1,tiktok,pagi,08:44,queued,2026-04-13T23:56:11.922504
deced66a272b,fb_1,home,1,facebook,pagi,08:44,queued,2026-04-13T23:56:11.922506
82658ec1bb99,yt_1,fashion,1,youtube,sore,14:27,queued,2026-04-14T09:44:04.675407
e57266e2d834,yt_2,gadget,2,youtube,sore,14:27,queued,2026-04-14T09:44:04.675418
70351fbeaabe,yt_3,beauty,3,youtube,sore,14:27,queued,2026-04-14T09:44:04.675420
78ffd9c61c9f,yt_4,home,4,youtube,sore,14:27,queued,2026-04-14T09:44:04.675422
f101ac149771,yt_5,wellness,5,youtube,sore,14:27,queued,2026-04-14T09:44:04.675423
041bc43c86e9,tt_1,beauty,1,tiktok,sore,14:27,queued,2026-04-14T09:44:04.675425
5333cfe31609,fb_1,gadget,1,facebook,sore,14:27,queued,2026-04-14T09:44:04.675427
089888ff793f,yt_1,fashion,1,youtube,pagi,07:25,queued,2026-04-14T23:45:33.530790
da5b0f2cec79,yt_2,gadget,2,youtube,pagi,07:25,queued,2026-04-14T23:45:33.530799
6bcc8fd32b7e,yt_3,beauty,3,youtube,pagi,07:25,queued,2026-04-14T23:45:33.530801
0957d08dc5d5,yt_4,home,4,youtube,pagi,07:25,queued,2026-04-14T23:45:33.530803
d87edf3f8935,yt_5,wellness,5,youtube,pagi,07:25,queued,2026-04-14T23:45:33.530805
0e6cd65c9ce7,tt_1,beauty,1,tiktok,pagi,07:25,queued,2026-04-14T23:45:33.530806
738476676906,fb_1,gadget,1,facebook,pagi,07:25,queued,2026-04-14T23:45:33.530808
2798cac25386,yt_1,fashion,1,youtube,sore,14:01,queued,2026-04-15T09:49:56.451662
78f46720d407,yt_2,gadget,2,youtube,sore,14:01,queued,2026-04-15T09:49:56.451672
4031fcccbc7e,yt_3,beauty,3,youtube,sore,14:01,queued,2026-04-15T09:49:56.451674
d3edd0eafe61,yt_4,home,4,youtube,sore,14:01,queued,2026-04-15T09:49:56.451676
6428e0d8bbb7,yt_5,wellness,5,youtube,sore,14:01,queued,2026-04-15T09:49:56.451677
c71e55988765,tt_1,fashion,1,tiktok,sore,14:01,queued,2026-04-15T09:49:56.451679
9039b4bb9688,fb_1,home,1,facebook,sore,14:01,queued,2026-04-15T09:49:56.451680
b8f0f4d9cc35,yt_1,fashion,1,youtube,sore,15:19,queued,2026-04-16T09:42:54.514273
2a371461691f,yt_2,gadget,2,youtube,sore,15:19,queued,2026-04-16T09:42:54.514284
cac95a838880,yt_3,beauty,3,youtube,sore,15:19,queued,2026-04-16T09:42:54.514285
490ae379b638,yt_4,home,4,youtube,sore,15:19,queued,2026-04-16T09:42:54.514287
a7f70d941ed7,yt_5,wellness,5,youtube,sore,15:19,queued,2026-04-16T09:42:54.514288
561bde0751e4,tt_1,beauty,1,tiktok,sore,15:19,queued,2026-04-16T09:42:54.514289
eace91902640,fb_1,gadget,1,facebook,sore,15:19,queued,2026-04-16T09:42:54.514290
9b7e29ae81fa,yt_1,fashion,1,youtube,pagi,07:29,queued,2026-04-16T23:58:41.921495
3e6821843e28,yt_2,gadget,2,youtube,pagi,07:29,queued,2026-04-16T23:58:41.921506
649422b8a9ed,yt_3,beauty,3,youtube,pagi,07:29,queued,2026-04-16T23:58:41.921508
c7cfcb091ccb,yt_4,home,4,youtube,pagi,07:29,queued,2026-04-16T23:58:41.921510
30cf13daf171,yt_5,wellness,5,youtube,pagi,07:29,queued,2026-04-16T23:58:41.921512
e9b91ebe6af7,tt_1,beauty,1,tiktok,pagi,07:29,queued,2026-04-16T23:58:41.921513
cd3aa8e5ad38,fb_1,gadget,1,facebook,pagi,07:29,queued,2026-04-16T23:58:41.921515
abaf1c98b579,yt_1,fashion,1,youtube,sore,16:12,queued,2026-04-17T09:38:53.671236
6cf12213281e,yt_2,gadget,2,youtube,sore,16:12,queued,2026-04-17T09:38:53.671245
9fba2729b1e0,yt_3,beauty,3,youtube,sore,16:12,queued,2026-04-17T09:38:53.671247
162fd70f419c,yt_4,home,4,youtube,sore,16:12,queued,2026-04-17T09:38:53.671249
b4ebdfa150fb,yt_5,wellness,5,youtube,sore,16:12,queued,2026-04-17T09:38:53.671250
3d7dab2712e0,tt_1,fashion,1,tiktok,sore,16:12,queued,2026-04-17T09:38:53.671252
d0409d7a1cdb,fb_1,home,1,facebook,sore,16:12,queued,2026-04-17T09:38:53.671254
a1786a674e91,yt_1,fashion,1,youtube,pagi,07:12,queued,2026-04-17T23:50:53.852215
325c16ccfc40,yt_2,gadget,2,youtube,pagi,07:12,queued,2026-04-17T23:50:53.852227
e04956f44286,yt_3,beauty,3,youtube,pagi,07:12,queued,2026-04-17T23:50:53.852229
e5b1426e940c,yt_4,home,4,youtube,pagi,07:12,queued,2026-04-17T23:50:53.852231
57ccf59e0f27,yt_5,wellness,5,youtube,pagi,07:12,queued,2026-04-17T23:50:53.852233
870cada85869,tt_1,fashion,1,tiktok,pagi,07:12,queued,2026-04-17T23:50:53.852234
6df5475bcc3b,fb_1,home,1,facebook,pagi,07:12,queued,2026-04-17T23:50:53.852236
4b79994b344a,yt_1,fashion,1,youtube,sore,16:09,queued,2026-04-18T09:18:24.318066
508e34fc2c9b,yt_2,gadget,2,youtube,sore,16:09,queued,2026-04-18T09:18:24.318078
515fa7a5ff8c,yt_3,beauty,3,youtube,sore,16:09,queued,2026-04-18T09:18:24.318080
f28a3bb178a7,yt_4,home,4,youtube,sore,16:09,queued,2026-04-18T09:18:24.318082
a8c98e328021,yt_5,wellness,5,youtube,sore,16:09,queued,2026-04-18T09:18:24.318084
826e82dba445,tt_1,beauty,1,tiktok,sore,16:09,queued,2026-04-18T09:18:24.318085
725fceba864f,fb_1,gadget,1,facebook,sore,16:09,queued,2026-04-18T09:18:24.318087
